--
-- PostgreSQL database dump
--

-- Dumped from database version 12.9 (Ubuntu 12.9-2.pgdg20.04+1)
-- Dumped by pg_dump version 12.9 (Ubuntu 12.9-2.pgdg20.04+1)

SET statement_timeout = 0;
SET lock_timeout = 0;
SET idle_in_transaction_session_timeout = 0;
SET client_encoding = 'UTF8';
SET standard_conforming_strings = on;
SELECT pg_catalog.set_config('search_path', '', false);
SET check_function_bodies = false;
SET xmloption = content;
SET client_min_messages = warning;
SET row_security = off;

DROP DATABASE universe;
--
-- Name: universe; Type: DATABASE; Schema: -; Owner: freecodecamp
--

CREATE DATABASE universe WITH TEMPLATE = template0 ENCODING = 'UTF8' LC_COLLATE = 'C.UTF-8' LC_CTYPE = 'C.UTF-8';


ALTER DATABASE universe OWNER TO freecodecamp;

\connect universe

SET statement_timeout = 0;
SET lock_timeout = 0;
SET idle_in_transaction_session_timeout = 0;
SET client_encoding = 'UTF8';
SET standard_conforming_strings = on;
SELECT pg_catalog.set_config('search_path', '', false);
SET check_function_bodies = false;
SET xmloption = content;
SET client_min_messages = warning;
SET row_security = off;

SET default_tablespace = '';

SET default_table_access_method = heap;

--
-- Name: galaxy; Type: TABLE; Schema: public; Owner: freecodecamp
--

CREATE TABLE public.galaxy (
    galaxy_id integer NOT NULL,
    name character varying(60) NOT NULL,
    shape character varying(60) NOT NULL,
    has_life boolean,
    distance_from_earth numeric
);


ALTER TABLE public.galaxy OWNER TO freecodecamp;

--
-- Name: galaxy_galaxy_id_seq; Type: SEQUENCE; Schema: public; Owner: freecodecamp
--

CREATE SEQUENCE public.galaxy_galaxy_id_seq
    AS integer
    START WITH 1
    INCREMENT BY 1
    NO MINVALUE
    NO MAXVALUE
    CACHE 1;


ALTER TABLE public.galaxy_galaxy_id_seq OWNER TO freecodecamp;

--
-- Name: galaxy_galaxy_id_seq; Type: SEQUENCE OWNED BY; Schema: public; Owner: freecodecamp
--

ALTER SEQUENCE public.galaxy_galaxy_id_seq OWNED BY public.galaxy.galaxy_id;


--
-- Name: mission; Type: TABLE; Schema: public; Owner: freecodecamp
--

CREATE TABLE public.mission (
    mission_id integer NOT NULL,
    name character varying(60) NOT NULL,
    planet_id integer NOT NULL,
    description text NOT NULL
);


ALTER TABLE public.mission OWNER TO freecodecamp;

--
-- Name: mission_mission_id_seq; Type: SEQUENCE; Schema: public; Owner: freecodecamp
--

CREATE SEQUENCE public.mission_mission_id_seq
    AS integer
    START WITH 1
    INCREMENT BY 1
    NO MINVALUE
    NO MAXVALUE
    CACHE 1;


ALTER TABLE public.mission_mission_id_seq OWNER TO freecodecamp;

--
-- Name: mission_mission_id_seq; Type: SEQUENCE OWNED BY; Schema: public; Owner: freecodecamp
--

ALTER SEQUENCE public.mission_mission_id_seq OWNED BY public.mission.mission_id;


--
-- Name: moon; Type: TABLE; Schema: public; Owner: freecodecamp
--

CREATE TABLE public.moon (
    moon_id integer NOT NULL,
    name character varying(60) NOT NULL,
    planet_id integer NOT NULL,
    size_km numeric NOT NULL,
    discovered integer
);


ALTER TABLE public.moon OWNER TO freecodecamp;

--
-- Name: moon_moon_id_seq; Type: SEQUENCE; Schema: public; Owner: freecodecamp
--

CREATE SEQUENCE public.moon_moon_id_seq
    AS integer
    START WITH 1
    INCREMENT BY 1
    NO MINVALUE
    NO MAXVALUE
    CACHE 1;


ALTER TABLE public.moon_moon_id_seq OWNER TO freecodecamp;

--
-- Name: moon_moon_id_seq; Type: SEQUENCE OWNED BY; Schema: public; Owner: freecodecamp
--

ALTER SEQUENCE public.moon_moon_id_seq OWNED BY public.moon.moon_id;


--
-- Name: planet; Type: TABLE; Schema: public; Owner: freecodecamp
--

CREATE TABLE public.planet (
    planet_id integer NOT NULL,
    name character varying(60) NOT NULL,
    star_id integer NOT NULL,
    has_life boolean,
    num_moons integer
);


ALTER TABLE public.planet OWNER TO freecodecamp;

--
-- Name: planet_planet_id_seq; Type: SEQUENCE; Schema: public; Owner: freecodecamp
--

CREATE SEQUENCE public.planet_planet_id_seq
    AS integer
    START WITH 1
    INCREMENT BY 1
    NO MINVALUE
    NO MAXVALUE
    CACHE 1;


ALTER TABLE public.planet_planet_id_seq OWNER TO freecodecamp;

--
-- Name: planet_planet_id_seq; Type: SEQUENCE OWNED BY; Schema: public; Owner: freecodecamp
--

ALTER SEQUENCE public.planet_planet_id_seq OWNED BY public.planet.planet_id;


--
-- Name: star; Type: TABLE; Schema: public; Owner: freecodecamp
--

CREATE TABLE public.star (
    star_id integer NOT NULL,
    name character varying(60) NOT NULL,
    type character varying(60) NOT NULL,
    num_planets integer,
    galaxy_id integer NOT NULL
);


ALTER TABLE public.star OWNER TO freecodecamp;

--
-- Name: star_star_id_seq; Type: SEQUENCE; Schema: public; Owner: freecodecamp
--

CREATE SEQUENCE public.star_star_id_seq
    AS integer
    START WITH 1
    INCREMENT BY 1
    NO MINVALUE
    NO MAXVALUE
    CACHE 1;


ALTER TABLE public.star_star_id_seq OWNER TO freecodecamp;

--
-- Name: star_star_id_seq; Type: SEQUENCE OWNED BY; Schema: public; Owner: freecodecamp
--

ALTER SEQUENCE public.star_star_id_seq OWNED BY public.star.star_id;


--
-- Name: galaxy galaxy_id; Type: DEFAULT; Schema: public; Owner: freecodecamp
--

ALTER TABLE ONLY public.galaxy ALTER COLUMN galaxy_id SET DEFAULT nextval('public.galaxy_galaxy_id_seq'::regclass);


--
-- Name: mission mission_id; Type: DEFAULT; Schema: public; Owner: freecodecamp
--

ALTER TABLE ONLY public.mission ALTER COLUMN mission_id SET DEFAULT nextval('public.mission_mission_id_seq'::regclass);


--
-- Name: moon moon_id; Type: DEFAULT; Schema: public; Owner: freecodecamp
--

ALTER TABLE ONLY public.moon ALTER COLUMN moon_id SET DEFAULT nextval('public.moon_moon_id_seq'::regclass);


--
-- Name: planet planet_id; Type: DEFAULT; Schema: public; Owner: freecodecamp
--

ALTER TABLE ONLY public.planet ALTER COLUMN planet_id SET DEFAULT nextval('public.planet_planet_id_seq'::regclass);


--
-- Name: star star_id; Type: DEFAULT; Schema: public; Owner: freecodecamp
--

ALTER TABLE ONLY public.star ALTER COLUMN star_id SET DEFAULT nextval('public.star_star_id_seq'::regclass);


--
-- Data for Name: galaxy; Type: TABLE DATA; Schema: public; Owner: freecodecamp
--

INSERT INTO public.galaxy VALUES (1, 'Milky Way', 'Spiral', true, 0);
INSERT INTO public.galaxy VALUES (2, 'Andromeda', 'Spiral', false, 2.5);
INSERT INTO public.galaxy VALUES (3, 'Pinwheel', 'Spiral', false, 20.87);
INSERT INTO public.galaxy VALUES (4, 'Whirlpool', 'Spiral', false, 30);
INSERT INTO public.galaxy VALUES (5, 'Hoags Object', 'Ring', false, 600);
INSERT INTO public.galaxy VALUES (6, 'Tadpole', 'Barred Spiral', false, 420);


--
-- Data for Name: mission; Type: TABLE DATA; Schema: public; Owner: freecodecamp
--

INSERT INTO public.mission VALUES (1, 'Mars Pathfinder', 4, 'Part of the Discovery program, Pathfinder was a rover designed to test if rovers could operate on other planets.');
INSERT INTO public.mission VALUES (2, 'Pioneer 10', 5, 'A space probe sent to photograph Jupiter');
INSERT INTO public.mission VALUES (3, 'Pioneer 11', 6, 'A space probe sent to photograph Saturn and its rings');


--
-- Data for Name: moon; Type: TABLE DATA; Schema: public; Owner: freecodecamp
--

INSERT INTO public.moon VALUES (1, 'Luna', 1, 3475, NULL);
INSERT INTO public.moon VALUES (2, 'Deimos', 4, 12.4, 1877);
INSERT INTO public.moon VALUES (3, 'Phobos', 4, 22.5, 1877);
INSERT INTO public.moon VALUES (4, 'Callisto', 5, 4800, 1610);
INSERT INTO public.moon VALUES (5, 'Carme', 5, 30, 1938);
INSERT INTO public.moon VALUES (6, 'Carpo', 5, 3, 2003);
INSERT INTO public.moon VALUES (7, 'Europa', 5, 3126, 1610);
INSERT INTO public.moon VALUES (8, 'Ganymede', 5, 5276, 1610);
INSERT INTO public.moon VALUES (9, 'Io', 5, 3629, 1610);
INSERT INTO public.moon VALUES (10, 'Helike', 5, 4, 2003);
INSERT INTO public.moon VALUES (11, 'Kore', 5, 2, 2003);
INSERT INTO public.moon VALUES (12, 'Leda', 5, 10, 1974);
INSERT INTO public.moon VALUES (13, 'Themisto', 5, 8, 1975);
INSERT INTO public.moon VALUES (14, 'Dione', 6, 1120, 1684);
INSERT INTO public.moon VALUES (15, 'Erriapo', 6, 10, 2000);
INSERT INTO public.moon VALUES (16, 'Fenrir', 6, 4, 2005);
INSERT INTO public.moon VALUES (17, 'Kari', 6, 7, 2006);
INSERT INTO public.moon VALUES (18, 'Rhea', 6, 1528, 1672);
INSERT INTO public.moon VALUES (19, 'Titan', 6, 5150, 1655);
INSERT INTO public.moon VALUES (20, 'Tethys', 6, 1060, 1684);


--
-- Data for Name: planet; Type: TABLE DATA; Schema: public; Owner: freecodecamp
--

INSERT INTO public.planet VALUES (1, 'Earth', 1, true, 1);
INSERT INTO public.planet VALUES (2, 'Mercury', 1, false, 0);
INSERT INTO public.planet VALUES (3, 'Venus', 1, false, 0);
INSERT INTO public.planet VALUES (4, 'Mars', 1, false, 2);
INSERT INTO public.planet VALUES (5, 'Jupiter', 1, false, 79);
INSERT INTO public.planet VALUES (6, 'Saturn', 1, false, 145);
INSERT INTO public.planet VALUES (7, 'Uranus', 1, false, 27);
INSERT INTO public.planet VALUES (8, 'Neptune', 1, false, 14);
INSERT INTO public.planet VALUES (9, 'Proxima Centauri-b', 2, NULL, NULL);
INSERT INTO public.planet VALUES (10, 'Proxima Centauri-c', 2, NULL, NULL);
INSERT INTO public.planet VALUES (11, 'Proxima Centauri-d', 2, NULL, NULL);
INSERT INTO public.planet VALUES (12, 'Barnards Star-b', 3, NULL, NULL);


--
-- Data for Name: star; Type: TABLE DATA; Schema: public; Owner: freecodecamp
--

INSERT INTO public.star VALUES (4, 'WISE 0855-0714&', 'Sub-Brown Dwarf', NULL, 1);
INSERT INTO public.star VALUES (5, 'Sirius', 'Binary', NULL, 1);
INSERT INTO public.star VALUES (6, 'Kochab', 'Red Giant', NULL, 1);
INSERT INTO public.star VALUES (1, 'Sol', 'Main Sequence', 8, 1);
INSERT INTO public.star VALUES (2, 'Proxima Centauri', 'Flare', 2, 1);
INSERT INTO public.star VALUES (3, 'Barnards Star', 'Flare', NULL, 1);


--
-- Name: galaxy_galaxy_id_seq; Type: SEQUENCE SET; Schema: public; Owner: freecodecamp
--

SELECT pg_catalog.setval('public.galaxy_galaxy_id_seq', 6, true);


--
-- Name: mission_mission_id_seq; Type: SEQUENCE SET; Schema: public; Owner: freecodecamp
--

SELECT pg_catalog.setval('public.mission_mission_id_seq', 3, true);


--
-- Name: moon_moon_id_seq; Type: SEQUENCE SET; Schema: public; Owner: freecodecamp
--

SELECT pg_catalog.setval('public.moon_moon_id_seq', 20, true);


--
-- Name: planet_planet_id_seq; Type: SEQUENCE SET; Schema: public; Owner: freecodecamp
--

SELECT pg_catalog.setval('public.planet_planet_id_seq', 12, true);


--
-- Name: star_star_id_seq; Type: SEQUENCE SET; Schema: public; Owner: freecodecamp
--

SELECT pg_catalog.setval('public.star_star_id_seq', 6, true);


--
-- Name: galaxy galaxy_name_key; Type: CONSTRAINT; Schema: public; Owner: freecodecamp
--

ALTER TABLE ONLY public.galaxy
    ADD CONSTRAINT galaxy_name_key UNIQUE (name);


--
-- Name: galaxy galaxy_pkey; Type: CONSTRAINT; Schema: public; Owner: freecodecamp
--

ALTER TABLE ONLY public.galaxy
    ADD CONSTRAINT galaxy_pkey PRIMARY KEY (galaxy_id);


--
-- Name: mission mission_name_key; Type: CONSTRAINT; Schema: public; Owner: freecodecamp
--

ALTER TABLE ONLY public.mission
    ADD CONSTRAINT mission_name_key UNIQUE (name);


--
-- Name: mission mission_pkey; Type: CONSTRAINT; Schema: public; Owner: freecodecamp
--

ALTER TABLE ONLY public.mission
    ADD CONSTRAINT mission_pkey PRIMARY KEY (mission_id);


--
-- Name: moon moon_name_key; Type: CONSTRAINT; Schema: public; Owner: freecodecamp
--

ALTER TABLE ONLY public.moon
    ADD CONSTRAINT moon_name_key UNIQUE (name);


--
-- Name: moon moon_pkey; Type: CONSTRAINT; Schema: public; Owner: freecodecamp
--

ALTER TABLE ONLY public.moon
    ADD CONSTRAINT moon_pkey PRIMARY KEY (moon_id);


--
-- Name: planet planet_name_key; Type: CONSTRAINT; Schema: public; Owner: freecodecamp
--

ALTER TABLE ONLY public.planet
    ADD CONSTRAINT planet_name_key UNIQUE (name);


--
-- Name: planet planet_pkey; Type: CONSTRAINT; Schema: public; Owner: freecodecamp
--

ALTER TABLE ONLY public.planet
    ADD CONSTRAINT planet_pkey PRIMARY KEY (planet_id);


--
-- Name: star star_name_key; Type: CONSTRAINT; Schema: public; Owner: freecodecamp
--

ALTER TABLE ONLY public.star
    ADD CONSTRAINT star_name_key UNIQUE (name);


--
-- Name: star star_pkey; Type: CONSTRAINT; Schema: public; Owner: freecodecamp
--

ALTER TABLE ONLY public.star
    ADD CONSTRAINT star_pkey PRIMARY KEY (star_id);


--
-- Name: mission mission_planet_id_fkey; Type: FK CONSTRAINT; Schema: public; Owner: freecodecamp
--

ALTER TABLE ONLY public.mission
    ADD CONSTRAINT mission_planet_id_fkey FOREIGN KEY (planet_id) REFERENCES public.planet(planet_id);


--
-- Name: moon moon_planet_id_fkey; Type: FK CONSTRAINT; Schema: public; Owner: freecodecamp
--

ALTER TABLE ONLY public.moon
    ADD CONSTRAINT moon_planet_id_fkey FOREIGN KEY (planet_id) REFERENCES public.planet(planet_id);


--
-- Name: planet planet_star_id_fkey; Type: FK CONSTRAINT; Schema: public; Owner: freecodecamp
--

ALTER TABLE ONLY public.planet
    ADD CONSTRAINT planet_star_id_fkey FOREIGN KEY (star_id) REFERENCES public.star(star_id);


--
-- Name: star star_galaxy_id_fkey; Type: FK CONSTRAINT; Schema: public; Owner: freecodecamp
--

ALTER TABLE ONLY public.star
    ADD CONSTRAINT star_galaxy_id_fkey FOREIGN KEY (galaxy_id) REFERENCES public.galaxy(galaxy_id);


--
-- PostgreSQL database dump complete
--

